INSERT INTO users (id, name, age) VALUES (1, 'Peter', 50), (2, 'John', 26), (3, 'George', 34), (4, 'Alex', 33),
(5, 'Amanda', 24), (6, 'Sophie', 44), (7, 'Bernard', 29), (8, 'Tyler', 43), (9, 'Sarah', 30), (10, 'Thom', 22),
(11, 'Jonny', 36), (12, 'Ed', 32), (13, 'Jay', 54), (14, 'Pete', 21), (15, 'Enoch', 36), (16, 'David', 69),
(17, 'Tony', 66), (18, 'Mick', 58), (19, 'Iggy', 72), (20, 'Mark', 42);

INSERT INTO projects (id, title, category, funding_goal, start_date, end_date) VALUES (1, "Music player", "tech", 1500, '2017-09-01', '2017-09-30'),
(2, "Blender", "kitchen", 5000, '2007-10-15', '2007-11-15'),
(3, "I need to pay rent", "Charity", 2200, '2018-01-01', '2018-01-31'),
(4, "Record my album", "fund raising", 5000, '2018-05-01', '2018-06-30'),
(5, "Finish coding classes", "charity", 1500, '2018-04-15', '2018-06-30'),
(6, "Buy a book", "fund raising", 20, '2018-01-01', '2019-01-15'),
(7, "Build new internet", "tech", 100000, '2018-02-03', '2019-01-31'),
(8, "Build guitar", "music", 2500, '2018-02-20', '2018-03-26'),
(9, "Buy food", "charity", 40, '2018-04-04', '2018-04-05'),
(10, "Take a vacation", "fund raising", 500, '2018-06-01', '2018-06-10');

INSERT INTO pledges (id, amount, user_id, project_id) VALUES (1, 20, 18, 6),
(2, 5, 1, 10), (3, 50, 2, 8), (4, 500, 1, 4), (5, 1000, 8, 7), (6, 20, 4, 4),
(7, 40, 5, 10), (8, 60, 6, 10), (9, 50, 7, 9), (10, 700, 8, 8), (11, 500, 2, 10),
(12, 30, 15, 8), (13, 600, 19, 4), (14, 1000, 10, 4), (15, 100, 9, 10),
(16, 34, 11, 1), (17, 12, 13, 6), (18, 19, 14, 5), (19, 20, 15, 5),
(20, 40, 16, 6), (21, 20000, 17, 4), (22, 20, 18, 2), (23, 500, 12, 3),
(24, 20, 7, 6), (25, 300, 20, 8), (26, 500, 11, 8), (27, 400, 14, 5),
(28, 10000, 16, 7), (29, 800, 13, 3), (30, 90, 4, 5);
